ID,Name,Surname,PhoneNumber,email
1,Olga,Sidez,79820357159,Sidez@gmail.com
2,Michael,Shephard,79758891131,Dime@gmail.com
3,Andrew,Gale,79622715289,Shananigan@yandex.ru
4,Eduard,Shananigan,79787386913,True@mail.ru
5,Andrew,Cruise,79961830670,Sidez@mail.ru
6,Michael,Miles,79096630252,Dime@mail.ru
7,John,Shephard,79088408464,True@yandex.ru
8,Olga,Dime,79576358113,True@yandex.ru
9,Ann,Dunes,79859075955,True@yandex.ru
10,Alex,Sidez,79320902774,Shananigan@mail.ru
11,Igor,Miles,79810112835,Sidez@gmail.com
12,Igor,Cruise,79857618257,Gale@gmail.com
13,Mally,Cruise,79870310498,Sidez@mail.ru
14,Andrew,Dime,79296416877,Shananigan@gmail.com
15,Igor,Gale,79385365136,Gale@yandex.ru
16,Eduard,Dime,79284154313,Dunes@mail.ru
17,Eduard,Miles,79739820658,Dunes@mail.ru
18,Viktor,Shananigan,79829943478,True@mail.ru
19,Alex,Shephard,79598192883,Dunes@mail.ru
20,Igor,Sidez,79342768910,Cruise@mail.ru
21,Mally,Sidez,79632678468,Gale@gmail.com
22,Gerbert,Dime,79854993476,Shananigan@mail.ru
23,John,Cruise,79302863170,Shephard@yandex.ru
24,Gerbert,Shephard,79602983342,Sidez@gmail.com
25,Alex,Shephard,79993734628,Miles@yandex.ru
26,Ann,Gale,79048632094,Sidez@yandex.ru
27,John,Dime,79883077759,Shephard@gmail.com
28,John,Miles,79403869234,Shananigan@mail.ru
29,John,Gale,79128960851,Miles@mail.ru
30,Mally,Miles,79177520976,True@gmail.com
31,Viktor,Dunes,79952310995,Gale@mail.ru
32,Ann,Shananigan,79766236022,Sidez@gmail.com
33,Olga,Cruise,79343588055,Shephard@gmail.com
34,Ann,True,79680642334,True@mail.ru
35,Igor,Shephard,79151334806,True@gmail.com
36,Viktor,Shephard,79464904387,True@mail.ru
37,Andrew,Dunes,79264071748,Shephard@gmail.com
38,Mally,True,79544079937,Shephard@mail.ru
39,Andrew,True,79893450918,Dunes@mail.ru
40,John,Dunes,79736762662,Gale@mail.ru
41,Viktor,Miles,79478585070,Shananigan@yandex.ru
42,Andrew,Sidez,79709391756,Dime@mail.ru
43,John,Dunes,79983892391,Gale@yandex.ru
44,Igor,Gale,79677697690,Dunes@gmail.com
45,Viktor,Miles,79284117120,Miles@yandex.ru
46,Olga,Dunes,79621238861,Sidez@mail.ru
47,John,Shephard,79444284254,Dunes@gmail.com
48,Gerbert,Dunes,79851011900,Sidez@mail.ru
49,Michael,Miles,79028290169,Dime@gmail.com
50,Mally,Shephard,79090358821,Cruise@gmail.com
51,John,True,79363087462,Gale@yandex.ru
52,Mally,Dunes,79621929303,Sidez@yandex.ru
53,Igor,Sidez,79691635955,Shephard@gmail.com
54,Ann,Miles,79307155117,Shananigan@gmail.com
55,Viktor,Miles,79334313450,Sidez@mail.ru
56,Gerbert,Miles,79967555932,Shephard@yandex.ru
57,Mally,Shananigan,79363842222,Dime@mail.ru
58,Alex,Gale,79750087836,Gale@mail.ru
59,Ann,True,79117435664,Dime@gmail.com
60,Alex,Sidez,79085600212,True@gmail.com
61,Eduard,True,79192934538,Shephard@gmail.com
62,Eduard,Dunes,79524288461,Dime@gmail.com
63,John,True,79136763001,Shananigan@mail.ru
64,Michael,Shephard,79007990532,Dunes@gmail.com
65,John,Sidez,79862266525,Gale@mail.ru
66,Igor,True,79220270113,Dime@yandex.ru
67,Mally,Shephard,79285241484,Shananigan@mail.ru
68,Gerbert,Cruise,79202921520,Shephard@yandex.ru
69,Michael,Dime,79051245331,Dunes@gmail.com
70,Olga,Dunes,79966237368,Dime@mail.ru
71,Michael,Shephard,79946245416,Dunes@mail.ru
72,Igor,Sidez,79225568560,Gale@gmail.com
73,Ann,Sidez,79363701262,True@mail.ru
74,Igor,Dunes,79774044317,Dunes@gmail.com
75,Olga,Gale,79379344373,Miles@mail.ru
76,Michael,Cruise,79688835847,Sidez@mail.ru
77,Alex,Shephard,79814915063,Cruise@gmail.com
78,Viktor,True,79258363526,True@yandex.ru
79,Michael,Shephard,79626834798,Shananigan@gmail.com
80,Gerbert,Sidez,79398788301,Sidez@yandex.ru
81,Eduard,Gale,79754874228,Cruise@mail.ru
82,Igor,Sidez,79404059636,True@gmail.com
83,Mally,Miles,79424782507,Sidez@mail.ru
84,Gerbert,Dime,79392298702,Cruise@yandex.ru
85,Andrew,Shananigan,79487200047,Shephard@mail.ru
86,Gerbert,Miles,79170179900,Sidez@gmail.com
87,Andrew,Miles,79870770868,Miles@gmail.com
88,John,Cruise,79497473070,Dime@gmail.com
89,Igor,Dunes,79729668313,Gale@gmail.com
90,Gerbert,Dime,79473180729,Gale@gmail.com
91,Ann,Dunes,79599383450,Dunes@mail.ru
92,Gerbert,Miles,79117366367,Dime@gmail.com
93,Ann,Shephard,79245565695,Dime@yandex.ru
94,Eduard,Cruise,79013377560,Miles@mail.ru
95,Igor,Dunes,79072466878,Cruise@yandex.ru
96,Igor,Cruise,79335269612,Shananigan@mail.ru
97,John,Dunes,79849116799,Dime@mail.ru
98,Igor,Miles,79870043137,Gale@gmail.com
99,Eduard,Gale,79792526794,Shananigan@mail.ru
100,Eduard,Gale,79046694304,True@gmail.com
